NU_ANO_CENSO,TP_RESPONSAVEL_REGULAMENTACAO,NO_ENTIDADE,NO_MUNICIPIO,DS_ENDERECO,NU_ENDERECO,NO_BAIRRO,QT_MAT_INF_CRE
2021,3.0,ESCOLA MUNICIPAL PROFESSORA AIDA SANTOS E SILVA,Fortaleza,AVENIDA TRAJANO DE MEDEIROS,813,VICENTE PINZON,131.0
2021,3.0,ESCOLA MUNICIPAL ALBA FROTA,Fortaleza,AVENIDA DOM MANUEL,914,CENTRO,40.0
2021,3.0,ESCOLA MUNICIPAL ALMERINDA DE ALBUQUERQUE,Fortaleza,RUA ANA GONCALVES,1105,SAO JOAO DO TAUAPE,147.0
2021,3.0,ESCOLA MUNICIPAL ALVORADA,Fortaleza,RUA ANGRA DOS REIS,234,SAPIRANGA,118.0
2021,3.0,ESCOLA MUNICIPAL PROFESSOR ANISIO TEIXEIRA,Fortaleza,RUA GUARANI,355,PAUPINA,170.0
2021,3.0,ESCOLA MUNICIPAL ANTONIO DIOGO DE SIQUEIRA,Fortaleza,RUA ANSELMO NOGUEIRA,655,BONSUCESSO,165.0
2021,3.0,ESCOLA MUNICIPAL ANTONIO SALES,Fortaleza,RUA TAVARES IRACEMA,675,RODOLFO TEOFILO,95.0
2021,3.0,ESCOLA MUNICIPAL ARI DE SA CAVALCANTE,Fortaleza,AVENIDA H,430,PREFEITO JOSE WALTER,82.0
2021,3.0,ESCOLA MUNICIPAL AUTRAN NUNES,Fortaleza,RUA PROFESSOR VIRGILIO MORAIS,S N,AUTRAN NUNES,129.0
2021,3.0,ESCOLA MUNICIPAL PROFESSORA BELARMINA CAMPOS,Fortaleza,RUA DOUTOR MANOEL RODRIGUES MONTEIRO,840,VICENTE PINZON,133.0
2021,3.0,ESCOLA MUNICIPAL CASIMIRO JOSE DE LIMA FILHO,Fortaleza,AVENIDA FRANCISCO SA,6449,BARRA DO CEARA,131.0
2021,3.0,ESCOLA MUNICIPAL CASTELO DE CASTRO,Fortaleza,RUA 43,1531,VILA VELHA,130.0
2021,3.0,ESCOLA MUNICIPAL CATULO DA PAIXAO CEARENSE,Fortaleza,RUA LEAO DO NORTE,300,VILA PERI,76.0
2021,3.0,ESCOLA MUNICIPAL CONCEICAO MOURAO,Fortaleza,RUA DUAS NACOES,551,GRANJA PORTUGAL,112.0
2021,3.0,ESCOLA MUNICIPAL SAO CURA DARS,Fortaleza,RUA SANTA ELISA,722,PIRAMBU,71.0
2021,3.0,ESCOLA MUNICIPAL DONA DAGMAR GENTIL,Fortaleza,TRAVESSA EURICO MEDINA,S/N,JOAO XXIII,139.0
2021,3.0,ESCOLA MUNICIPAL ADROALDO TEIXEIRA CASTELO,Fortaleza,RUA ALAGOAS,2267,PICI,58.0
2021,3.0,ESCOLA MUNICIPAL PROFESSORA EDITH BRAGA,Fortaleza,RUA CAPITAO VASCONCELOS,1061,AEROLANDIA,60.0
2021,3.0,ESCOLA MUNICIPAL SANTA TEREZA,Fortaleza,AVENIDA MONSENHOR HELIO CAMPOS,90,CRISTO REDENTOR,57.0
2021,3.0,ESCOLA MUNICIPAL DE TEMPO INTEGRAL PROFESSORA ANTONIETA CALS,Fortaleza,RUA MONSENHOR SALAZAR,1480,SAO JOAO DO TAUAPE,53.0
2021,3.0,ESCOLA MUNICIPAL PROFESSOR JOSE MILITAO DE ALBUQUERQUE,Fortaleza,RUA 1145,14 ET 4ª,CONJUNTO CEARA,76.0
2021,3.0,ESCOLA MUNICIPAL MOZART PINTO,Fortaleza,RUA JORGE DUMAR,2078,JARDIM AMERICA,40.0
2021,3.0,ESCOLA MUNICIPAL FAUSTINO DE ALBUQUERQUE,Fortaleza,RUA AMARO CAVALCANTE,221,MONTE CASTELO,72.0
2021,3.0,ESCOLA MUNICIPAL GOVERNADOR FAUSTINO DE ALBUQUERQUE,Fortaleza,RUA 143,155 ET 1ª,CONJUNTO CEARA,115.0
2021,3.0,ESCOLA MUNICIPAL PROFESSOR FRANCISCO DE MELO JABORANDI,Fortaleza,AVENIDA GOVERNADOR LEONEL BRIZOLA,198,JANGURUSSU,173.0
2021,3.0,ESCOLA MUNICIPAL PROFESSOR FRANCISCO MAURICIO DE MATTOS DOURADO,Fortaleza,RUA DESEMBARGADOR FLORIANO BENEVIDES MAGALHAES,391,EDSON QUEIROZ,215.0
2021,3.0,ESCOLA MUNICIPAL FRANCISCO NUNES CAVALCANTE,Fortaleza,RUA POETA MARIO LINHARES,561,PREFEITO JOSE WALTER,194.0
2021,3.0,ESCOLA MUNICIPAL CONEGO FRANCISCO PEREIRA DA SILVA,Fortaleza,RUA LUIZ FRANCISCO XAVIER,256,PAUPINA,194.0
2021,3.0,ESCOLA MUNICIPAL PROFESSORA FERNANDA MARIA DE ALENCAR COLARES,Fortaleza,AVENIDA PROFESSOR JOSE ARTHUR DE CARVALHO,1540,LAGOA REDONDA,152.0
2021,3.0,ESCOLA MUNICIPAL DE TEMPO INTEGRAL FILGUEIRAS LIMA,Fortaleza,AVENIDA DOS EXPEDICIONARIOS,3910,JARDIM AMERICA,182.0
2021,3.0,ESCOLA MUNICIPAL GABRIEL CAVALCANTE,Fortaleza,QUADRA F,167,PRESIDENTE KENNEDY,48.0
2021,3.0,ESCOLA MUNICIPAL GUSTAVO BARROSO,Fortaleza,RUA ERETIDES MARTINS,26,SAO GERARDO,52.0
2021,3.0,ESCOLA MUNICIPAL HENRIQUETA GALENO,Fortaleza,RUA MAJOR MONTENEGRO,917,MANUEL SATIRO,132.0
2021,3.0,ESCOLA MUNICIPAL ISMAEL PORDEUS,Fortaleza,AVENIDA DESEMBARGADOR FAUSTINO DE ALBUQUERQUE,511,JARDIM DAS OLIVEIRAS,96.0
2021,3.0,ESCOLA MUNICIPAL PROFESSOR JACINTO BOTELHO,Fortaleza,RUA DOUTOR RODRIGO CODES SANDOVAL,374,MONDUBIM,107.0
2021,3.0,ESCOLA MUNICIPAL JOAO GERMANO DA PONTE NETO,Fortaleza,RUA MAIZA,549,CONJUNTO PALMEIRAS,115.0
2021,3.0,ESCOLA MUNICIPAL PROFESSOR JOAO HIPOLYTO DE AZEVEDO E SA,Fortaleza,RUA 3,88,DIAS MACEDO,205.0
2021,3.0,ESCOLA MUNICIPAL JOAO MENDES DE ANDRADE,Fortaleza,RUA B,1366,GRANJA LISBOA,76.0
2021,3.0,ESCOLA MUNICIPAL PAPA JOAO XXIII,Fortaleza,RUA TREZE DE ABRIL,545,VILA UNIAO,151.0
2021,3.0,ESCOLA MUNICIPAL PROFESSOR JOSE SOBREIRA DE AMORIM,Fortaleza,RUA ESTRADA DO PICI,1083,HENRIQUE JORGE,157.0
2021,3.0,ESCOLA MUNICIPAL JOSE AYRTON TEIXEIRA,Fortaleza,RUA ALFREDO MAMEDE,S N,NOVO MONDUBIM,76.0
2021,3.0,ESCOLA MUNICIPAL JOSE DIAS MACEDO,Fortaleza,RUA NUNES VALENTE,809,MEIRELES,107.0
2021,3.0,ESCOLA MUNICIPAL JOSE RAMOS TORRES DE MELO,Fortaleza,AVENIDA DA ABOLICAO,3984,MUCURIPE,152.0
2021,3.0,ESCOLA MUNICIPAL PROFESSOR JOSE REBOUCAS MACAMBIRA,Fortaleza,RUA CARIUS,200,JARDIM GUANABARA,81.0
2021,3.0,ESCOLA MUNICIPAL DOM JOSE TUPINAMBA DA FROTA,Fortaleza,RUA VIRIATO RIBEIRO,1031,BELA VISTA,116.0
2021,3.0,ESCOLA MUNICIPAL PROFESSOR JOSE VALDEVINO DE CARVALHO,Fortaleza,RUA GUARA,S N,PARANGABA,147.0
2021,3.0,ESCOLA MUNICIPAL MONSENHOR LINHARES,Fortaleza,RUA PROFESSOR LINO ENCARNACAO,,AMADEU FURTADO,64.0
2021,3.0,ESCOLA MUNICIPAL MARIA DE JESUS ORIA ALENCAR,Fortaleza,RUA 43,S N,JANGURUSSU,131.0
2021,3.0,ESCOLA MUNICIPAL MARIA DE LOURDES RIBEIRO JEREISSATI,Fortaleza,RUA REINO UNIDO,115,JARDIM DAS OLIVEIRAS,100.0
2021,3.0,ESCOLA MUNICIPAL PROFESSORA MARIA GONDIM DOS SANTOS,Fortaleza,TRAVESSA GUARANI,620,PAPICU,88.0
2021,3.0,ESCOLA MUNICIPAL MARIA HELENILCE CAVALCANTE LEITE MARTINS,Fortaleza,RUA MAIZA,S N,CONJUNTO PALMEIRAS,120.0
2021,3.0,ESCOLA MUNICIPAL PROFESSORA MARIA STELLA COCHRANE SANTIAGO,Fortaleza,RUA ANTONIO FARIAS,121,BOA VISTA,262.0
2021,3.0,ESCOLA MUNICIPAL MARIA VIVIANE BENEVIDES GOUVEIA,Fortaleza,RUA CREUZA ROQUE,247,MANUEL SATIRO,186.0
2021,3.0,ESCOLA MUNICIPAL MARIA ZELIA CORREIA DE SOUZA,Fortaleza,RUA ANTONIO PEREIRA,1495,PLANALTO AYRTON SENNA,92.0
2021,3.0,ESCOLA MUNICIPAL GENERAL MANOEL CORDEIRO NETO,Fortaleza,RUA JORGE ACURCIO,900,VILA UNIAO,88.0
2021,3.0,ESCOLA MUNICIPAL MARIETA CALS,Fortaleza,RUA VALPARAISO,160,CONJUNTO PALMEIRAS,169.0
2021,3.0,ESCOLA MUNICIPAL MARTHA DOS MARTINS COELHO GUILHERME,Fortaleza,RUA 313,243,JANGURUSSU,148.0
2021,3.0,ESCOLA MUNICIPAL PROFESSOR MARTINZ DE AGUIAR,Fortaleza,RUA BERNARDO PORTO,470,MONTE CASTELO,60.0
2021,3.0,ESCOLA MUNICIPAL PARQUE SAO MIGUEL,Fortaleza,RUA LOURDES VIDAL ALVES,444,LAGOA REDONDA,197.0
2021,3.0,ESCOLA MUNICIPAL PROFESSOR MONTEIRO DE MORAES,Fortaleza,AVENIDA EVILASIO ALMEIDA MIRANDA,1608,SAPIRANGA,235.0
2021,3.0,ESCOLA MUNICIPAL MOURA BRASIL,Fortaleza,RUA PADRE MORORO,189,MOURA BRASIL,55.0
2021,3.0,ESCOLA MUNICIPAL MURILO AGUIAR,Fortaleza,RUA VINTE E QUATRO DE OUTUBRO,S N,PARQUE GENIBAU,100.0
2021,3.0,ESCOLA MUNICIPAL NARCISA BORGES,Fortaleza,TRAVESSA COSTA RICA,S N,PADRE ANDRADE,73.0
2021,3.0,ESCOLA MUNICIPAL PROJETO NASCENTE,Fortaleza,RUA BETEL,S N,DENDE,209.0
2021,3.0,ESCOLA MUNICIPAL PAULO SARASATE,Fortaleza,RUA PEDRO MUNIZ,250,DEMOCRITO ROCHA,122.0
2021,3.0,ESCOLA MUNICIPAL RACHEL VIANA MARTINS,Fortaleza,RUA TUCUNDUBA,2703,GRANJA LISBOA,75.0
2021,3.0,ESCOLA MUNICIPAL RACHEL DE QUEIROZ,Fortaleza,AVENIDA C,S N,PREFEITO JOSE WALTER,94.0
2021,3.0,ESCOLA MUNICIPAL ROGACIANO LEITE,Fortaleza,RUA 45,S N,PREFEITO JOSE WALTER,94.0
2021,3.0,ESCOLA MUNICIPAL SEBASTIANA ALDIGUERI,Fortaleza,AVENIDA DOUTOR THEBERGE,448,ALVARO WEYNE,110.0
2021,3.0,ESCOLA MUNICIPAL SEBASTIAO DE ABREU,Fortaleza,RUA GERALDO BARBOSA,1065,BOM JARDIM,94.0
2021,3.0,ESCOLA MUNICIPAL PROFESSORA TEREZINHA FERREIRA PARENTE,Fortaleza,RUA NELSON COELHO,209,LAGOA REDONDA,233.0
2021,3.0,ESCOLA MUNICIPAL THOMAZ POMPEU SOBRINHO,Fortaleza,RUA JOSE MENELEU,531,ITAPERI,40.0
2021,3.0,ESCOLA MUNICIPAL TRISTAO DE ALENCAR,Fortaleza,RUA JOSE NOGUEIRA,69,PEDRAS,357.0
2021,3.0,ESCOLA MUNICIPAL VICENTE FIALHO,Fortaleza,RUA IRMA BAZET,193,MONTESE,92.0
2021,3.0,ESCOLA MUNICIPAL YOLANDA QUEIROZ,Fortaleza,AVENIDA GENERAL MURILO BORGES,864,ALTO DA BALANCA,133.0
2021,3.0,ESCOLA MUNICIPAL CASIMIRO MONTENEGRO,Fortaleza,AVENIDA BERNARDO MANUEL,11360,PREFEITO JOSE WALTER,192.0
2021,3.0,ESCOLA MUNICIPAL MANUEL LIMA SOARES,Fortaleza,RUA 130,60,PARQUE DOIS IRMAOS,88.0
2021,3.0,ESCOLA MUNICIPAL PROFESSOR DENIZARD MACEDO DE ALCANTARA,Fortaleza,RUA DEPUTADO MATOSO FILHO,450,OLAVO OLIVEIRA,58.0
2021,3.0,ESCOLA MUNICIPAL PADRE ANTONIO MONTEIRO DA CRUZ,Fortaleza,RUA DE PEDESTRE XIII,25,CANINDEZINHO,56.0
2021,3.0,ESCOLA MUNICIPAL JOAQUIM NOGUEIRA,Fortaleza,RUA PADRE PERDIGAO SAMPAIO,250,QUINTINO CUNHA,91.0
2021,3.0,ESCOLA MUNICIPAL FREI TITO DE ALENCAR LIMA,Fortaleza,AVENIDA DIOGUINHO,5925,ANTONIO DIOGO,93.0
2021,3.0,ESCOLA MUNICIPAL PROFESSOR OSMIRIO DE OLIVEIRA BARRETO,Fortaleza,RUA 10,S N,MONDUBIM,146.0
2021,3.0,ESCOLA MUNICIPAL JOSE MOREIRA LEITAO,Fortaleza,RUA HONORINA MAIA,467,PARQUE SANTA MARIA,199.0
2021,3.0,ESCOLA MUNICIPAL MADRE TERESA DE CALCUTA,Fortaleza,RUA GUILHERME MOREIRA,75,FATIMA,135.0
2021,3.0,ESCOLA MUNICIPAL PROFESSOR LUIS COSTA,Fortaleza,RUA JAIME LEONEL,156,ENGENHEIRO LUCIANO CAVALCANTE,111.0
2021,3.0,ESCOLA MUNICIPAL PROFESSOR CLODOALDO PINTO,Fortaleza,RUA BANVARTH BEZERRA,100,PADRE ANDRADE,93.0
2021,3.0,ESCOLA MUNICIPAL PROFESSORA MARIA LIDUINA CORREA LEITE,Fortaleza,RUA FERNAO MAGALHAES,120,PICI,153.0
2021,3.0,ESCOLA MUNICIPAL MARIA ROSELI LIMA MESQUITA,Fortaleza,RUA FRANCISCO CALACA,1791,ALVARO WEYNE,197.0
2021,3.0,ESCOLA MUNICIPAL MARCOS VALENTIM PEREIRA DE SOUZA,Fortaleza,RUA FREIRE ALEMAO,91,SERRINHA,261.0
2021,3.0,ESCOLA MUNICIPAL MARIA FELICIO LOPES,Fortaleza,RUA JOSE SETUBAL PESSOA,480,CAIS DO PORTO,116.0
2021,3.0,ESCOLA MUNICIPAL MARILENE LOPES RABELO,Fortaleza,RUA JACARANDA,460,PARQUE PRESIDENTE VARGAS,143.0
2021,3.0,ESCOLA MUNICIPAL HERBERT DE SOUZA,Fortaleza,RUA URUCUTUBA,1599,BOM JARDIM,80.0
2021,3.0,ESCOLA MUNICIPAL EDUCADOR PAULO FREIRE,Fortaleza,RUA CORONEL FABRICIANO,452,GRANJA PORTUGAL,167.0
2021,3.0,ESCOLA MUNICIPAL FRANCISCA DE ABREU LIMA,Fortaleza,RUA HUMBERTO DE ALMEIDA,535,CANINDEZINHO,156.0
2021,3.0,ESCOLA MUNICIPAL LUIS ANGELO PEREIRA,Fortaleza,RUA OSMUNDO CAVALCANTE DE OLIVEIRA,90,MUCURIPE,94.0
2021,3.0,ESCOLA MUNICIPAL SINO PINHEIRO,Fortaleza,RUA 14,151,JANGURUSSU,55.0
2021,3.0,ESCOLA MUNICIPAL IRMA MARIA EVANETE,Fortaleza,AVENIDA D,1015,CONJUNTO CEARA,135.0
2021,3.0,ESCOLA MUNICIPAL JOAO ESTANISLAU FACANHA,Fortaleza,RUA 11,S N,JARDIM CEARENSE,162.0
2021,3.0,ESCOLA MUNICIPAL NOELZINDA SATIRO SANTIAGO,Fortaleza,RUA DOM XISTO ALBANO,1298,PARQUE SAO JOSE,151.0
2021,3.0,ESCOLA MUNICIPAL JONATHAN DA ROCHA ALCOFORADO,Fortaleza,RUA MARIA GOMES DE SA,1030,MONDUBIM,159.0
2021,3.0,ESCOLA MUNICIPAL MONTEIRO LOBATO,Fortaleza,RUA 83,181,PREFEITO JOSE WALTER,170.0
2021,3.0,ESCOLA MUNICIPAL DOM HELDER CAMARA,Fortaleza,RUA FREI ODILON,623 B,ALVARO WEYNE,75.0
2021,3.0,ESCOLA MUNICIPAL JOSE BATISTA DE OLIVEIRA,Fortaleza,RUA GOIAS,S N,PAN AMERICANO,92.0
2021,3.0,ESCOLA MUNICIPAL MARIA DE CARVALHO MARTINS,Fortaleza,AVENIDA DOUTOR SILAS MUNGUBA,4300,ITAPERI,262.0
2021,3.0,ESCOLA MUNICIPAL DE TEMPO INTEGRAL FRANCISCA FERNANDES MAGALHAES,Fortaleza,RUA VITAL BRASIL,1020,BONSUCESSO,124.0
2021,3.0,ESCOLA MUNICIPAL PROFESSOR JOSE MARIA MOREIRA CAMPOS,Fortaleza,RUA FRANCISCO ALMEIDA,525,PARQUE SANTA ROSA,156.0
2021,3.0,ESCOLA MUNICIPAL ISABEL FERREIRA,Fortaleza,RUA ISABEL FERREIRA,1000,LAGOA REDONDA,129.0
2021,3.0,ESCOLA MUNICIPAL JOAO SARAIVA LEAO,Fortaleza,AVENIDA PROFESSOR JOSE ARTHUR DE CARVALHO,50,LAGOA REDONDA,76.0
2021,3.0,ESCOLA MUNICIPAL SANTA TEREZINHA,Fortaleza,RUA AFONSO LOPES,1095,PARQUE DOIS IRMAOS,115.0
2021,3.0,ESCOLA MUNICIPAL PROFESSOR JOSE CIRIO PEREIRA FILHO,Fortaleza,RUA QUARTZO ROSA,100,SIQUEIRA,148.0
2021,3.0,ESCOLA MUNICIPAL MANOELITO GUIMARAES DOMINGUES,Fortaleza,RUA HARIBERTO ONOFRE,S N,ANCURI,68.0
2021,3.0,ESCOLA MUNICIPAL IRMA GIULIANA GALLI,Fortaleza,RUA ANTONIO BOTELHO,715,SERRINHA,131.0
2021,3.0,ESCOLA MUNICIPAL JORNALISTA DEMOCRITO DUMMAR,Fortaleza,AVENIDA EUCLIDES PAULINO BARROSO,2505,CANINDEZINHO,139.0
2021,3.0,ESCOLA MUNICIPAL NOSSA SENHORA APARECIDA,Fortaleza,RUA TERESA CRISTINA,112,CENTRO,73.0
2021,3.0,ESCOLA MUNICIPAL FREI AGOSTINHO FERNANDES,Fortaleza,RUA CESAR CALS,2370,VICENTE PINZON,79.0
2021,3.0,ESCOLA MUNICIPAL FRANCISCO ANDRADE TEOFILO GIRAO,Fortaleza,RUA UNIDOS VENCEREMOS,2040,PASSARE,153.0
2021,3.0,ESCOLA MUNICIPAL CESAR CALS DE OLIVEIRA NETO,Fortaleza,RUA OLIMPIO RIBEIRO,20,CONJUNTO PALMEIRAS,94.0
2021,3.0,ESCOLA MUNICIPAL PROFESSOR ERNESTO GURGEL,Fortaleza,RUA OLEGARIO MEMORIA,3105,SAPIRANGA,73.0
2021,3.0,ESCOLA MUNICIPAL RAIMUNDO DE MOURA MATOS,Fortaleza,AVENIDA DOIS DE MAIO,1300,PASSARE,190.0
2021,3.0,ESCOLA MUNICIPAL JESUS CRISTO,Fortaleza,RUA ALBERTO FERREIRA,564,JARDIM IRACEMA,136.0
2021,3.0,ESCOLA MUNICIPAL MARIA DALVA SEVERINO MARREIRO,Fortaleza,RUA RIO PARAGUAI,782,JARDIM IRACEMA,56.0
2021,3.0,ESCOLA MUNICIPAL PROFESSORA MARIA EVAN DO CARMO,Fortaleza,RUA MATEUS ALMEIDA,71,JOSE DE ALENCAR,78.0
2021,3.0,ESCOLA MUNICIPAL RAIMUNDO DE SOUSA MANGUEIRA,Fortaleza,RUA ALBERTO FERREIRA,624,JARDIM IRACEMA,55.0
2021,3.0,ESCOLA MUNICIPAL RACHEL DE QUEIROZ,Fortaleza,AVENIDA PRESIDENTE CASTELO BRANCO,5010,BARRA DO CEARA,133.0
2021,3.0,ESCOLA MUNICIPAL VIRGILIO TAVORA,Fortaleza,AVENIDA MONSENHOR HELIO CAMPOS,S N,CRISTO REDENTOR,108.0
2021,3.0,ESCOLA MUNICIPAL PROFESSORA MARIA DO SOCORRO FERREIRA VIRINO,Fortaleza,RUA MODESTA,44,CONJUNTO PALMEIRAS,120.0
2021,3.0,ESCOLA MUNICIPAL JOSE SOBREIRA DE AMORIM,Fortaleza,RUA TENENTE TITO BARROS,330,CAJAZEIRAS,34.0
2021,3.0,ESCOLA MUNICIPAL PROFESSORA OLINDINA CARVALHO DE MORAIS,Fortaleza,RUA 5,581,BARROSO,202.0
2021,3.0,ESCOLA MUNICIPAL PROFESSORA JOSEFINA PARENTE DE ARAUJO,Fortaleza,RUA PEDRO MAMEDE,175,SABIAGUABA,40.0
2021,3.0,ESCOLA MUNICIPAL MARIA DE LOURDES,Fortaleza,RUA LUIS MENDES,174,CIDADE DOS FUNCIONARIOS,95.0
2021,3.0,ESCOLA MUNICIPAL PROFESSORA BERNADETE ORIA DE OLIVEIRA,Fortaleza,RUA DOUTOR CODES SANDOVAL,796,CONJUNTO PALMEIRAS,100.0
2021,3.0,ESCOLA MUNICIPAL MANOEL MALVEIRA MAIA,Fortaleza,RUA MANUEL GALDINO,S N,GRANJA LISBOA,147.0
2021,3.0,ESCOLA MUNICIPAL RAIMUNDO MOREIRA SENA,Fortaleza,RUA G,93,BOM JARDIM,286.0
2021,3.0,ESCOLA MUNICIPAL JOSE CARLOS MATOS,Fortaleza,RUA ITAJAI,802,GRANJA PORTUGAL,95.0
2021,3.0,ESCOLA MUNICIPAL ANDRE LUIS,Fortaleza,AVENIDA PRESIDENTE COSTA E SILVA,5255,PASSARE,104.0
2021,3.0,ESCOLA MUNICIPAL ULISSES GUIMARAES,Fortaleza,RUA TENENTE FRANCISCO PAIVA,1350,GRANJA LISBOA,91.0
2021,3.0,ESCOLA MUNICIPAL FLORIVAL ALVES SERAINE,Fortaleza,RUA ITATIAIA,S N,CANINDEZINHO,60.0
2021,3.0,ESCOLA MUNICIPAL IRMA ROCHA,Fortaleza,RUA EMILIO DE MENEZES,2515,GRANJA PORTUGAL,191.0
2021,3.0,ESCOLA MUNICIPAL SAO CARLOS,Fortaleza,RUA 6,1009,QUINTINO CUNHA,156.0
2021,3.0,ESCOLA MUNICIPAL HILZA DIOGO CALS,Fortaleza,RUA WALDIR DIOGO,850,NOVO MONDUBIM,89.0
2021,3.0,ESCOLA MUNICIPAL JOAO FREDERICO FERREIRA GOMES,Fortaleza,RUA JOSE MENDONCA,1150,PARQUE GENIBAU,80.0
2021,3.0,ESCOLA MUNICIPAL JOAO PAULO II,Fortaleza,AVENIDA C,1381 ET 2ª,CONJUNTO CEARA,206.0
2021,3.0,ESCOLA MUNICIPAL MURILO SERPA,Fortaleza,RUA MONSENHOR HIPOLITO BRASIL,1400,DOM LUSTOSA,243.0
2021,3.0,ESCOLA MUNICIPAL MARIA BEZERRA QUEVEDO,Fortaleza,RUA 103,28,NOVO MONDUBIM,127.0
2021,3.0,ESCOLA MUNICIPAL TEREZA D ANA,Fortaleza,RUA CORONEL DE QUEIROZ,750,PLANALTO AYRTON SENNA,80.0
2021,3.0,ESCOLA MUNICIPAL REITOR ANTONIO MARTINS FILHO,Fortaleza,RUA TEODORO DE CASTRO,1175,GRANJA PORTUGAL,132.0
2021,3.0,ESCOLA MUNICIPAL GODOFREDO DE CASTRO FILHO,Fortaleza,AVENIDA JOSE SABOIA,905,CAIS DO PORTO,40.0
2021,3.0,ESCOLA MUNICIPAL NOSSA SENHORA DO SAGRADO CORACAO,Fortaleza,RUA ANA GONCALVES,1,SAO JOAO DO TAUAPE,80.0
2021,3.0,ESCOLA MUNICIPAL SAO VICENTE DE PAULO,Fortaleza,AVENIDA ZEZE DIOGO,1247,CAIS DO PORTO,75.0
2021,3.0,ESCOLA MUNICIPAL JOSE CARLOS DE PINHO,Fortaleza,RUA LUIZA MIRANDA COELHO,595,ENGENHEIRO LUCIANO CAVALCANTE,40.0
2021,3.0,ESCOLA MUNICIPAL MINHA VIDA MEUS AMORES,Fortaleza,AVENIDA D,380 ET 2ª,PREFEITO JOSE WALTER,209.0
2021,3.0,ESCOLA MUNICIPAL TOMAZ MUNIZ,Fortaleza,RUA DOUTORA VANDA CIDADE,185,SIQUEIRA,214.0
2021,3.0,ESCOLA MUNICIPAL SANTA LUZIA,Fortaleza,RUA CORONEL FRANCISCO BENTO,16,DOM LUSTOSA,56.0
2021,3.0,ESCOLA MUNICIPAL PADRE CICERO ROMAO BATISTA,Fortaleza,RUA 114,460,CONJUNTO ESPERANCA,184.0
2021,3.0,ESCOLA MUNICIPAL SAO RAIMUNDO,Fortaleza,RUA ALEXANDRE BARAUNA,1450,RODOLFO TEOFILO,95.0
2021,3.0,ESCOLA MUNICIPAL FRANCISCO EDILSON PINHEIRO,Fortaleza,RUA N,35,VILA VELHA,116.0
2021,3.0,ESCOLA MUNICIPAL MARIA MARIZA MENDES DE CARVALHO,Fortaleza,RUA RAIMUNDO CUNHA,1174,VILA VELHA,116.0
2021,3.0,ESCOLA MUNICIPAL 11 DE AGOSTO,Fortaleza,RUA ALBERTO FERREIRA,1790,JARDIM IRACEMA,58.0
2021,3.0,ESCOLA MUNICIPAL HAROLDO JORGE BRAUN VIEIRA,Fortaleza,RUA LAURO VIEIRA CHAVES,2001,VILA UNIAO,38.0
2021,3.0,ESCOLA MUNICIPAL PROFESSOR GERARDO MILTON DE SA,Fortaleza,RUA VALE COSTA,S N,ANTONIO BEZERRA,94.0
2021,3.0,ESCOLA MUNICIPAL PROFESSOR CLODOMIR TEOFILO GIRAO,Fortaleza,TRAVESSA RUTILO,108,MESSEJANA,60.0
2021,3.0,ESCOLA MUNICIPAL MARIA DOLORES PETROLA DE MELO JORGE,Fortaleza,RUA PAULINO ROCHA,1000,GRANJA LISBOA,162.0
2021,3.0,ESCOLA MUNICIPAL JOAO HILDO DE CARVALHO FURTADO,Fortaleza,RUA JUVENCIO SALES,S N,MONDUBIM,170.0
2021,3.0,ESCOLA MUNICIPAL ALAIDE AUGUSTO DE OLIVEIRA,Fortaleza,RUA SETEMBRINA,525,CONJUNTO ESPERANCA,103.0
2021,3.0,ESCOLA MUNICIPAL AGOSTINHO MOREIRA E SILVA,Fortaleza,RUA PERI,20,BARRA DO CEARA,133.0
2021,3.0,ESCOLA MUNICIPAL ALDEIDES REGIS,Fortaleza,RUA IRINEU DE SOUSA,197,ALVARO WEYNE,96.0
2021,3.0,ESCOLA MUNICIPAL PROFESSORA MARIA ODNILRA CRUZ MOREIRA,Fortaleza,AVENIDA DAS ADENANTERAS,800,CIDADE 2000,139.0
2021,3.0,ESCOLA MUNICIPAL JOAO NUNES PINHEIRO,Fortaleza,AVENIDA F,550 ET 1ª,CONJUNTO CEARA,76.0
2021,3.0,ESCOLA MUNICIPAL ADALBERTO STUDART FILHO,Fortaleza,RUA DO CAMPO,25,PLANALTO AYRTON SENNA,76.0
2021,3.0,ESCOLA MUNICIPAL PROFESSOR EDILSON BRASIL SOAREZ,Fortaleza,AVENIDA I,S N,SIQUEIRA,171.0
2021,3.0,ESCOLA MUNICIPAL ODILON GONZAGA BRAVEZA,Fortaleza,AVENIDA ALBERTO CRAVEIRO,1480 C,BOA VISTA,111.0
2021,3.0,PROGRAMA INTEGRACAO JANGURUSSU,Fortaleza,AVENIDA GOVERNADOR LEONEL BRIZOLA,S N,JANGURUSSU,
2021,3.0,PROGRAMA INTEGRACAO MONDUBIM,Fortaleza,RUA PROFESSOR GLAUCO LOBO,S N,NOVO MONDUBIM,
2021,3.0,PROGRAMA INTEGRACAO BARRA DO CEARA,Fortaleza,AVENIDA PRESIDENTE CASTELO BRANCO,6417,BARRA DO CEARA,
2021,3.0,PROGRAMA INTEGRACAO AABB,Fortaleza,AVENIDA BARAO DE STUDART,2917,DIONISIO TORRES,
2021,3.0,ESCOLA MUNICIPAL SAO RAFAEL,Fortaleza,RUA DOS TABAJARAS,244,PRAIA DE IRACEMA,19.0
2021,3.0,ESCOLA MUNICIPAL MARIA ALICE,Fortaleza,RUA PAULO MORAIS,95,PAPICU,141.0
2021,3.0,ESCOLA MUNICIPAL JOSE CARLOS DA COSTA RIBEIRO,Fortaleza,RUA PIO SARAIVA,335,QUINTINO CUNHA,127.0
2021,3.0,ESCOLA MUNICIPAL DOIS DE DEZEMBRO,Fortaleza,RUA ARAQUEM,860,BARRA DO CEARA,80.0
2021,3.0,ESCOLA MUNICIPAL CRESCER E APRENDER,Fortaleza,RUA EDSON MARTINS,642,BOM JARDIM,38.0
2021,3.0,PROGRAMA INTEGRACAO FACULDADE GRANDE FORTALEZA,Fortaleza,AVENIDA PORTO VELHO,401,HENRIQUE JORGE,
2021,3.0,PROGRAMA INTEGRACAO ASSOCIACAO VOAR,Fortaleza,RUA JOSE BARRETO PARENTE,331,ENGENHEIRO LUCIANO CAVALCANTE,
2021,3.0,PROGRAMA INTEGRACAO CENTRO CULTURAL BOM JARDIM,Fortaleza,RUA TRES CORACOES,400,GRANJA LISBOA,
2021,3.0,PROGRAMA PRO-TECNICO PRAIA DO FUTURO,Fortaleza,RUA OLIVEIRA FILHO,3320,ANTONIO DIOGO,
2021,3.0,PROGRAMA PRO-TECNICO JOAO XXIII,Fortaleza,RUA MELO OLIVEIRA,985,JOQUEI CLUBE,
2021,3.0,PROGRAMA PRO-TECNICO LUCIANO CARNEIRO,Fortaleza,AVENIDA LUCIANO CARNEIRO,2123,VILA UNIAO,
2021,3.0,ESCOLA MUNICIPAL PATATIVA DO ASSARE,Fortaleza,RUA FREI TEOBALDO,646,ALVARO WEYNE,56.0
2021,3.0,ESCOLA MUNICIPAL SANTOS DUMONT,Fortaleza,RUA GERALDO BARBOSA,240,BOM JARDIM,93.0
2021,3.0,ESCOLA MUNICIPAL DEPUTADO GERONCIO BEZERRA,Fortaleza,TRAVESSA MANUEL NUNES,42,ANTONIO BEZERRA,96.0
2021,3.0,ESCOLA MUNICIPAL 15 DE OUTUBRO,Fortaleza,RUA GUARANI,2030,BONSUCESSO,195.0
2021,3.0,PROGRAMA PRO-TECNICO MESSEJANA,Fortaleza,RUA CORONEL DIONISIO ALENCAR,213,MESSEJANA,
2021,3.0,PROGRAMA INTEGRACAO KATIANA PENA,Fortaleza,RUA MIRTES CORDEIRO,3147,GRANJA LISBOA,
2021,3.0,PROGRAMA INTEGRACAO ABEMCE,Fortaleza,RUA COMENDADOR GARCIA,1817,PARQUE SAO JOSE,
2021,3.0,INTEGRACAO IDIOMAS - IMPARH,Fortaleza,AVENIDA JOAO PESSOA,5609,MONTESE,
2021,3.0,ESCOLA MUNICIPAL PROFESSOR JOSE FERREIRA DE ALENCAR,Fortaleza,RUA SAO FRANCISCO DO JARDIM,557,BOM JARDIM,96.0
2021,3.0,ESCOLA MUNICIPAL TERTULIANO CAMBRAIA,Fortaleza,RUA MONSENHOR ROSA,946,CARLITO PAMPLONA,119.0
2021,3.0,ESCOLA MUNICIPAL INFANTE ROSALINA RODRIGUES,Fortaleza,AVENIDA II,700,PARQUE DOIS IRMAOS,214.0
2021,3.0,ESCOLA MUNICIPAL JORNALISTA JOSE BLANCHARD GIRAO DA SILVA,Fortaleza,TRAVESSA MISSIONARIO OLIVEIRA,301,JANGURUSSU,243.0
2021,3.0,ESCOLA MUNICIPAL PROFESSORA MARIA ANTONEZIA MEIRELES E SA,Fortaleza,RUA CORONEL VIRGILIO TAVORA,1340,BARROSO,40.0
2021,3.0,ESCOLA MUNICIPAL PROFESSOR MANUEL EDUARDO PINHEIRO CAMPOS,Fortaleza,RUA MIRIU,500,SABIAGUABA,83.0
2021,3.0,ESCOLA MUNICIPAL PROFESSORA ANTONIA MARIA DE LIMA,Fortaleza,RUA SARGENTO JOAO PINHEIRO,2601,GRANJA LISBOA,91.0
2021,3.0,ESCOLA MUNICIPAL JOAO NOGUEIRA JUCA,Fortaleza,RUA B,10,COACU,101.0
2021,3.0,ESCOLA MUNICIPAL BERGSON GURJAO FARIAS,Fortaleza,AVENIDA SENADOR FERNANDES TAVORA,2500,HENRIQUE JORGE,58.0
2021,3.0,ESCOLA MUNICIPAL SECRETARIO PAULO PETROLA,Fortaleza,AVENIDA SARGENTO HERMINIO,415,MONTE CASTELO,185.0
2021,3.0,ESCOLA MUNICIPAL DOM ALOISIO LORSCHEIDER,Fortaleza,RUA JULIO SILVA,400,DE LOURDES,75.0
